Curation,Variable ID,Variable name,Variable synonyms,Context of use,Growth stage,Variable status,Variable Xref,Institution,Scientist,Date,Language,Crop,Trait ID,Trait name,Trait class,Trait description,Trait synonyms,Main trait abbreviation,Alternative trait abbreviations,Entity,Attribute,Trait status,Trait Xref,Method ID,Method name,Method class,Method description,Formula,Method reference,Scale ID,Scale name,Scale class,Decimal places,Lower limit,Upper limit,Scale Xref,Category 1,Category 2,Category 3,Category 4,Category 5,Category 6,Category 7,Category 8,Category 9,Category 10,Category 11,Category 12,Category 13
,CO_336:0000249,FlwT_50Count_days,FLOWERDATE,Always,R1-R2,,SOY:0001353,IITA,Hesham Agrama,11-February-2014,EN,Soybean,CO_336:0000000,Flowering time,Phenological traits,Anthesis or flowering time is the period during which a flower is fully open and functional. Pollination and fertilization occur during this period.,Open flower,FlwT,,Plant,Flowering time,Recommended,,CO_336:0000001,Days to 50% flowering count,Counting,Count the number of days after sowing until 50% of the plants have one or more flowers,,"Soybean USDA description database, Soybase database, OboEdit",CO_336:0000002,day,Duration,,,,,,,,,,,,,,,,,
,CO_336:0000250,BP_Est_1to5,,Always,R1-R6,,,IITA,Hesham Agrama,12-February-2014,EN,Soybean,CO_336:0000003,Bacterial Pustule,Biotic stress traits,"V-shaped chlorotic to necrotic foliar lesions,vascular blackening, Light colored, raised pustules which can coalesce into brown lesions, caused by Xanthomonas sp.",Bacterial Pustule,BP,,Leaf,Bacterial Pustule,Standard IITA,SOY:0001426,CO_336:0000004,Bacterial pustle assessment,Estimation,visual assessment of 1-5 affected plants with bacterial pustule,,"Soybean USDA description database, Soybase database, OboEdit",CO_336:0000005,1-5 infection score,Ordinal,,,,,1=0% lesions on plants,2=1-10% lesions on plants,3= 10-25% lesions on the plants,4=25-50% lesions on the plants,5=>50% plants with lesions,,,,,,,,
,CO_336:0000251,RUST_Est_1to5,,Always,R1-R6,,SOY:0001472,IITA,Hesham Agrama,13-Feb-2014,EN,Soybean,CO_336:0000006,Soybean rust,Biotic stress traits,"Tan and reddish brown lesions on leaves, pods or whole plant caused by Phakopsora Pachyrhizi",Asian rust,RUST,,Plant,Soybean rust,Standard IITA,,CO_336:0000007,Rust assessment,Estimation,Visual assessment of 1-5 affected plants with rust,,"Soybean USDA description database, Soybase database, OboEdit",CO_336:0000008,1-5 infection score,Ordinal,,,,,1=0% lesions on plants,2=1-10% lesions on plants,3= 10-25% lesions on the plants,4=25-50% lesions on the plants,5=>50% plants with lesions,,,,,,,,
,CO_336:0000252,SMV_Est_1to5,,Always,R6,,,IITA,Hesham Agrama,14-Feb-2014,EN,Soybean,CO_336:0000009,Soybean Mosaic Virus,Biotic stress traits,Stunting of plants and crinkled and mottling of leaves,"Viral infection, SMV",SMV,,Leaf,Soybean Mosaic Virus,Standard IITA,SOY:0001501,CO_336:0000010,SMV assessment,Estimation,Visual assessment of 1-5 affected plants / plot,,"Soybean USDA description database, Soybase database, OboEdit",CO_336:0000011,1-5 infection score,Ordinal,,,,,1=0% virus symptom seen,2=1-10% occaional mild symptoms,3=10-25% moderate infection,4=25-50% severe and widespread symptoms,5=>50% with likely loss in yield,,,,,,,,
,CO_336:0000253,FROGEYE_Est_1to5,,Always,R6,,,IITA,Hesham Agrama,15-February-2014,EN,Soybean,CO_336:0000012,Frogeye leafspot,Biotic stress traits,"Tan or brown, elliptical lesions with brown purple boarder on plant parts caused by Cercospora Sojina",Frogeye,FROGEYE,,Plant,Frogeye leafspot,Standard IITA,SOY:0001655,CO_336:0000013,Frog eye assessment,Estimation,Visual assessment of 1-5 affected leaf area with frog eye,,"Soybean USDA description database, Soybase database, OboEdit",CO_336:0000014,1-5 infection score,Ordinal,,,,,1=0% leaf spot seen,2=few spots on some plants,3=10-25% some spots on most plants,4=25-50% infection,5=>50% infection with leaf abscision,,,,,,,,
,CO_336:0000254,RtNod_PropEst_1to5,,Sometimes,R4-R6,,,IITA,Hesham Agrama,16-February-2014,EN,Soybean,CO_336:0000015,Nodulation,Agronomical traits,Root nodule formation due to interaction with microorganisms.,,NODULE,,Root,Nodulation,Standard USDA,SOY:0001793,CO_336:0000016,Nodulation proportion observation,Estimation,Visual assessment of the proportion of nodules,,"Soybean USDA description database, Soybase database, OboEdit",CO_336:0000017,1 to 5 percentage scale,Ordinal,,,,,1=0% nodules,2=1-10%few nodules mostly small,3=10-25% nodules some large,4=25-50% nodules several large,5=>50% nodules many large,,,,,,,,
,CO_336:0000255,ROOTKNOT_Est_1to5,,Always,R4-R6,,,IITA,Hesham Agrama,17-Feb-2014,EN,Soybean,CO_336:0000018,Root knot nematode,Biotic stress traits,Large galls or knots on the root system caused by Meloidogyne Spp,Root knot nematode,ROOTKNOT,,Root,Reaction to Root knot nematode,Standard IITA,SOY:0001374,CO_336:0000019,Root knot assessment,Estimation,Visual assessment of 1-5 of nematode knots,,"Soybean USDA description database, Soybase database, OboEdit",CO_336:0000020,1-5 infection score,Ordinal,,,,,1=0% root knot galling,2=1-10% few galls on some plants,3=10-25% galls on most plants,4=25-50% galls on most plants,5=>50% galling with plants stunting,,,,,,,,
,CO_336:0000256,MatT_Count_day,,Often,R8,,SOY:0001608,IITA,Hesham Agrama,18-February-2014,EN,Soybean,CO_336:0000021,Maturity time,Phenological traits,Time when pods have changed to final color.,Maturity,MatTime,,Plant,Maturity time,Recommended,,CO_336:0000022,Days to maturity count,Counting,Determine the number of days elapsed between sowing and when the pods have reached maturity,,"Soybean USDA description database, Soybase database, OboEdit",CO_336:0000023,day,Numerical,,,,,,,,,,,,,,,,,
,CO_336:0000257,LPodHt_Meas_cm,,Sometimes,R3-R6,,,IITA,Hesham Agrama,19-February-2014,EN,Soybean,CO_336:0000024,Height of lowest pods,Morphological traits,Height from soil surface to first pod,,HLP,,Plant,Height of lowest pods,Standard IITA,,CO_336:0000025,stalk height measurement,Measurement,Length of stem,,"Soybean USDA description database, Soybase database, OboEdit",CO_336:0000026,cm,Numerical,,,,,,,,,,,,,,,,,
,CO_336:0000258,PlntHt_Meas_cm,,Rarely,R8,,SOY:0001365,IITA,Hesham Agrama,20-Feb-2014,EN,Soybean,CO_336:0000027,Plant height,Agronomical traits,"Height of the plant i.e., the length from the soil surface to top main stem (not petioles and leaves) node",Height,PTHT,,Plant,Height,Recommended,,CO_336:0000028,Plant height measurement,Measurement,Length of the plant at harvest,,"Soybean USDA description database, Soybase database, OboEdit",CO_336:0000029,cm,Numerical,,,,,,,,,,,,,,,,,
,CO_336:0000259,Lodg_Est_1to5,,Always,R8,,SOY:0001393,IITA,Hesham Agrama,21-February-2014,EN,Soybean,CO_336:0000030,Lodging,Agronomical traits,Tendency of plant to lodge,Plants lying on the ground,LODGING,,Plant,Lodging,Recommended,,CO_336:0000031,Lodging estimation,Estimation,"Estimate the proportion of plants lodged i.e., protrated on the ground",,"Soybean USDA description database, Soybase database, OboEdit",CO_336:0000032,1 to 5 percentage scale,Ordinal,,,,,1= Almost all plants erect,2=All plants leaning slightly or a few plants down,"3=All plants leaning moderately (45 degrees), or 25% - 50% of plants down","4= All plants leaning considerably, or 50% - 80% of plants down","5= Prostrate, almost all plants down",,,,,,,,
,CO_336:0000260,PlntHvst_Count_plant,,Always,R8,,,IITA,Hesham Agrama,22-Feb-2014,EN,Soybean,CO_336:0000033,Plants Harvested,Agronomical traits,The number of plants harvested contributing to the yield,,PTHARV,,Plant,Harvested number,Standard IITA,,CO_336:0000034,"Number of plants harvested in the net plot, excluding the borders",Counting,"Number of plants harvested in the net plot, excluding the borders",,"Soybean USDA description database, Soybase database, OboEdit",CO_336:0000035,Plant,Numerical,,,,,,,,,,,,,,,,,
,CO_336:0000261,SdYld_MeasPerPlot_gPlot,,Always,R8,,SOY:0001622,IITA,Hesham Agrama,23-February-2014,EN,Soybean,CO_336:0000036,Seed yield,Agronomical traits,Yield of a soybean field in terms of seed weight per unit area at a specified moisture content.,"Plot Yield, Seed weight",SdYld,,Seed,Yield,Recommended,,CO_336:0000037,Weighing of grain per plot,Measurement,"Weigh the amount of harvested grains (excluding the borders) adjusted to 13% moisture,",,"Soybean USDA description database, Soybase database, OboEdit",CO_336:0000038,g/plot,Numerical,,,,,,,,,,,,,,,,,
,CO_336:0000262,FodYld_MeasPerPlot_gPlot,,Rarely,R8,,,IITA,Hesham Agrama,24-February-2014,EN,Soybean,CO_336:0000039,Fodder Yield,Agronomical traits,"Weight of harvested fodder i.e., haulm, stover per unit of area",Haulm,FODDERWT,,Fodder,Yield,Standard IITA,,CO_336:0000040,Weighing of fodder per plot,Measurement,"Measure the dry weight of stover, haulm harvested after threshing plants harvested from the plot excluing the borders.",,"Soybean USDA description database, Soybase database, OboEdit",CO_336:0000041,g/plot,Numerical,,,,,,,,,,,,,,,,,
,CO_336:0000263,ShatEarly_EarlyEst_1to5,,Often,R8,,SOY:0001348,IITA,Hesham Agrama,25-February-2014,EN,Soybean,CO_336:0000042,Early shattering,Agronomical traits,Proportion of open pods at harvest,Pods open,SHATEARLY,,Pod,Shattering,Obsolete,,CO_336:0000043,Early pod shattering estimation,Estimation,Estimate the proportion of open pods at harvest by shattering the pods left on the 1m at both ends of the plot after the net yield plot was harvested,,"Soybean USDA description database, Soybase database, OboEdit",CO_336:0000044,1 to 5 percentage scale,Ordinal,,,,,1=0% pods shattered,2=1-10% pods shattered,3=11-25% pods shattered,4=26-50% pods shattered,5=>50% pods shattered,,,,,,,,
,CO_336:0000264,PodShat_EarlyEst_1to5,,Often,R8,,SOY:0001348,IITA,Hesham Agrama,15-juil-15,EN,Soybean,CO_336:0000248,Pod shattering,Agronomical traits,Proportion of open pods,Pods open,PodShat,,Pod,Shattering,Recommended,,CO_336:0000043,Early pod shattering estimation,Estimation,Estimate the proportion of open pods at harvest by shattering the pods left on the 1m at both ends of the plot after the net yield plot was harvested,,"Soybean USDA description database, Soybase database, OboEdit",CO_336:0000044,1 to 5 percentage scale,Ordinal,,,,,1=0% pods shattered,2=1-10% pods shattered,3=11-25% pods shattered,4=26-50% pods shattered,5=>50% pods shattered,,,,,,,,
,CO_336:0000265,Storab_Count_Pct,,Always,R7,,,IITA,Hesham Agrama,26-February-2014,EN,Soybean,CO_336:0000045,Storability,Agronomical traits,Capacity of a seed to emerge when planted after being stored during a given amount of time.,Storage,STORABILITY,,Seed,Storability,Standard IITA,,CO_336:0000046,Germination in storage count,Counting,Count the number of seedlings emerged after 8 months in storage out of 100 planted seeds,,"Soybean USDA description database, Soybase database, OboEdit",CO_336:0000047,Percentage,Numerical,,0,100,,,,,,,,,,,,,,
,CO_336:0000266,SdOilCt_Comp_pct,,Often,R8,,,IITA,Hesham Agrama,25-April-2014,EN,Soybean,CO_336:0000048,Seed oil content,Biochemical traits,Oil content of soybean seed,"%oil content, oil concentration",OIL,,Seed,Oil content,Recommended,SOY:0001668,CO_336:0000049,Seed oil content measurement in the lab,Computation,Weigh the amount of extracted oil from seed after harvest and divide by the seed dry weight,,"Soybean USDA description database, Soybase database, OboEdit",CO_336:0000050,Percentage,Numerical,,0,100,,,,,,,,,,,,,,
,CO_336:0000267,SdProtCt_Comp_pct,,Often,R8,,,IITA,Hesham Agrama,25-April-2014,EN,Soybean,CO_336:0000051,Seed protein content,Biochemical traits,Protein content of seed,"%protein content, protein concentration",PROTEIN,,Seed,Protein content,Recommended,SOY:0001676,CO_336:0000052,Seed protein content measurement,Computation,"After harvest, measure the protein content of the seed on a dry weight basis",,"Soybean USDA description database, Soybase database, OboEdit",CO_336:0000053,Percentage,Numerical,,0,100,,,,,,,,,,,,,,
,CO_336:0000268,APHID_Est_Undefined,,Always,V1-V7,,,IITA,Hesham Agrama,25-Apr-2014,EN,Soybean,CO_336:0000054,Reaction to Aphis glycines,Biotic stress traits,The reaction of the plant or plant part to damage caused by Aphis glycines feeding.,Soybean aphid,APHID,,Plant,Reaction to Aphis glycines,Standard IITA,SOY:0001851,CO_336:0000055,Aphid attack assessment,Estimation,Observe the plant parts that are yellowing and/or curling,,"Soybean USDA description database, Soybase database, OboEdit",CO_336:0000056,Undefined scale,Undefined,,0,100,,,,,,,,,,,,,,
,CO_336:0000269,PlntBrnch_Est_1to5,,Sometimes,R1-R8,,SOY:0001318,IITA,Hesham Agrama,25-April-2014,EN,Soybean,CO_336:0000057,Plant branching,Morphological traits,Tendency of plant to form primary branches,Branching,BRANCHING,,Plant,Branching,Standard IITA,,CO_336:0000058,Plant branching observation,Estimation,"At maturity, observe the abundance of primary branches",,"Soybean USDA description database, Soybase database, OboEdit",CO_336:0000059,1 to 5 branching scale,Ordinal,,,,,1=rarely branching,2=fair branching,3=moderatly branching,4=mostly branching,5=profusely branching,,,,,,,,
,CO_336:0000270,ReprodT_Count_day,,Always,R1-R8,,SOY:0001824,IITA,Hesham Agrama,25-April-2014,EN,Soybean,CO_336:0000060,Reproductive period,Phenological traits,Time between the beginning of flowering (R1) and full maturity (R8),Reproductive stage length,REPROD,,Plant,Reproductive time,Standard IITA,,CO_336:0000061,Reproductive period duration measurement,Counting,Count number of days from beginning of bloom (R1) to full maturity(R8),,"Soybean USDA description database, Soybase database, OboEdit",CO_336:0000062,day,Duration,,,,,,,,,,,,,,,,,
,CO_336:0000271,FlwCol_Est_1to9,,Rarely,R1-R3,,SOY:0001352,IITA,Hesham Agrama,25-April-2014,EN,Soybean,CO_336:0000063,Flower color,Morphological traits,Color of the flower petals,,FLWRCOLOR,,Flower,Color,Recommended,,CO_336:0000064,Flower color observation,Estimation,"At flowering, observe the color of flower",,"Soybean USDA description database, Soybase database, OboEdit",CO_336:0000065,1 to 9 color scale,Nominal,,,,,1=B=blue,2=Dp=dark purple,3=Lp=light purple,4=M=magenta,5=Nw=near white,6=W=white,7=P=purple,8=Pm=purple mutable,9=Pth=dilute purple,,,,
,CO_336:0000272,PodLng_Meas_mm,,Sometimes,R4,,,IITA,Hesham Agrama,25-Apr-2014,EN,Soybean,CO_336:0000066,Pod length,Morphological traits,Length of the pod from the calyx to the pod tip in cm or mm,Fruit length,PODLENGTH,,Pod,Length,Standard IITA,SOY:0001717,CO_336:0000067,Measure length of pod,Measurement,Measure length of pod from caylx to pod tip using a length measuring instrument,,"Soybean USDA description database, Soybase database, OboEdit",CO_336:0000068,mm,Numerical,,,,,,,,,,,,,,,,,
,CO_336:0000273,TwinT_Est_mmdd,,Sometimes,V1-R8,,SOY:0001618,IITA,Hesham Agrama,25-April-2014,EN,Soybean,CO_336:0000069,Twining date,Phenological traits,Time when soybean twines,,TWINNING,,Plant,Twinning time,Standard IITA,,CO_336:0000070,Twinning date observation,Estimation,Take note of the date when 50% of plants are twining,,"Soybean USDA description database, Soybase database, OboEdit",CO_336:0000071,mmdd,Date,,0,100,,,,,,,,,,,,,,
,CO_336:0000274,Flood_Est_undefined,,Often,V1-R8,,SOY:0001351,IITA,Hesham Agrama,25-April-2014,EN,Soybean,CO_336:0000072,Flooding tolerance,Abiotic stress traits,Response of plant to inundation by water of all or part of the plant,"Submergence tolerance, waterlogging response",FLOODING,,Plant,Flooding tolerance,Standard IITA,,CO_336:0000073,Flooding reaction of plants assessment,Estimation,Appearance of plants in response to flooding,,"Soybean USDA description database, Soybase database, OboEdit",CO_336:0000074,Undefined scale,Undefined,,0,100,,,,,,,,,,,,,,
,CO_336:0000275,Chlorosis_Est_SPAD,,Sometimes,V1-R8,,,IITA,Hesham Agrama,25-April-2014,EN,Soybean,CO_336:0000075,Chlorosis,Abiotic stress traits,Reduction in chlorophyll in a plant or plant part as a result of nutrient deficiency,Yellowing,CHLOROSIS,,Plant,Chlorosis,Standard IITA,,CO_336:0000076,Chlorophyll content measurement,Estimation,Measurement chlorophyll content using a SPAD meter and then compare to a reference,,"Soybean USDA description database, Soybase database, OboEdit",CO_336:0000077,SPAD unit,Numerical,,,,,,,,,,,,,,,,,
,CO_336:0000276,Drought_Est_undefined,,Often,V1-R8,,,IITA,Hesham Agrama,25-Apr-2014,EN,Soybean,CO_336:0000078,Drought Tolerance,Abiotic stress traits,Resistance to damage by water restriction.,,DROUGHT,,Plant,Drought Tolerance,Standard IITA,SOY:0001701,CO_336:0000079,Drought reaction of plants observation,Estimation,Appearance of plants in response to limited water availability,,"Soybean USDA description database, Soybase database, OboEdit",CO_336:0000080,Undefined scale,Undefined,,0,100,,,,,,,,,,,,,,
,CO_336:0000277,HerbSens_Est_undefined,,Sometimes,V1-R8,,,IITA,Hesham Agrama,25-Apr-2014,EN,Soybean,CO_336:0000081,Herbicide sensitivity,Abiotic stress traits,Reaction of the plant or plant part to herbicide exposure,sensitivity to herbicide toxicity,HERBSENSITIVE,,Plant,Herbicide sensitivity,Standard IITA,SOY:0001814,CO_336:0000082,Herbicide reaction of plant assessment,Estimation,Appearance of plants in response to herbicides sprayed,,"Soybean USDA description database, Soybase database, OboEdit",CO_336:0000083,Undefined scale,Undefined,,0,100,,,,,,,,,,,,,,
,CO_336:0000278,SdOilProtRatio_Comp_pct,,Sometimes,R8,,SOY:0001689,IITA,Hesham Agrama,25-Apr-2014,EN,Soybean,CO_336:0000084,Seed oil/protein content,Biochemical traits,Ratio of oil content to protein content of the seed,Oil to protein content,OILPROTEIN,,Seed,Oil content per protein content,Standard IITA,,CO_336:0000085,Oil content to protein content ratio,Computation,"Divide the oil content by the protein content. For this calculation, the oil and protein contents must be expressed in the same unit",,"Soybean USDA description database, Soybase database, OboEdit",CO_336:0000086,Ratio,Numerical,,0,100,,,,,,,,,,,,,,
,CO_336:0000279,SdFillT_Count_day,,Often,R4-R6,,SOY:0001596,IITA,Hesham Agrama,25-Apr-2014,EN,Soybean,CO_336:0000087,Seed filling period,Phenological traits,"Time when the seed grows in size and weight i.e., the period characterized by the beginning of R4 (full pod) and the end of R6 (full seed).",Seed fill,SEEDFILL,,Plant,Seed filling time,Standard IITA,,CO_336:0000088,Counting days of seed fill,Counting,Count number of days from full pod(R4) to full seed(R6) stages of growth,,"Soybean USDA description database, Soybase database, OboEdit",CO_336:0000089,day,Duration,,,,,,,,,,,,,,,,,
,CO_336:0000280,PodCol_Est_1to4,,Sometimes,R4,,SOY:0001715,IITA,Hesham Agrama,25-April-2014,EN,Soybean,CO_336:0000090,Pod color,Morphological traits,Color of the pod.,,PODCOLOR,,Pod,Color,Recommended,,CO_336:0000091,Pod color observation,Estimation,"Take note of the color of the mature pod which are black, tan, brown and grey",,"Soybean USDA description database, Soybase database, OboEdit",CO_336:0000092,1 to 4 color scale,Ordinal,,,,,1=Bl=Black,2=T= Tan,3=Br=Brown,4=G=Grey,,,,,,,,,
,CO_336:0000281,HilumCol_Est_1to12,,Sometimes,R8,,SOY:0001367,IITA,Hesham Agrama,25-April-2014,EN,Soybean,CO_336:0000093,Hilum color,Morphological traits,Color of the soybean seed hilum (scar on the ovule produced by abscision of funiculus),Seed hilum color,HILUMCOLOR,,Seed,Hilum color,Recommended,,CO_336:0000094,Hilum color observation,Estimation,Observe the colour of the hilum,,"Soybean USDA description database, Soybase database, OboEdit",CO_336:0000095,1 to 12 color scale,Ordinal,,,,,1=Bf= Buff,2=Bl= Black,"3=Blbr= Black hilum with brown outer ring,",4=Br= Brown,5=D= Dark shade,6=G= Gray,7=Gn= Green,8=Rbf=Reddish buff,9=Rbl= Reddish black,10=Rbr= Reddish brown,11=Tn=Tan,12=Y= Yellow,
,CO_336:0000282,SdQual_Est_1to5,,Always,R8,,SOY:0001418,IITA,Hesham Agrama,25-April-2014,EN,Soybean,CO_336:0000096,Seed quality,Agronomical traits,"Overall quality of the seed based on defective seed coat, greenish or diseased seeds",Seed appearance,SEEDQUAL,,Seed,Quality,Recommended,,CO_336:0000097,Seed quality visual assessment,Estimation,Visual assessment of seed quality,,"Soybean USDA description database, Soybase database, OboEdit",CO_336:0000098,1 to 5 quality scale,Ordinal,,,,,1=Good,2=moderatly good,3=fairly good,4=bad,5=poor,,,,,,,,
,CO_336:0000283,LowTemp_Est_undefined,,Often,V1-R8,,,IITA,Hesham Agrama,25-April-2014,EN,Soybean,CO_336:0000099,Cold stress resistance,Abiotic stress traits,Resistance of a plant or plant part to damage by lower than normal temperatures,low temperature stress,LOWTEMP,,Plant,Cold stress resistance,Standard IITA,SOY:0001883,CO_336:0000100,Cold reaction assessment,Estimation,Appearance of plant or plant part in low temperature weather,,"Soybean USDA description database, Soybase database, OboEdit",CO_336:0000101,Undefined scale,Undefined,,0,100,,,,,,,,,,,,,,
,CO_336:0000284,HighT_Est_undefined,,Often,V1-R8,,,IITA,Hesham Agrama,25-April-2014,EN,Soybean,CO_336:0000102,Heat stress resistance,Abiotic stress traits,Resistance of a plant or plant part to damage by higher than normal temperatures,High temperature stress,HIGHTEMP,,Plant,Heat stress resistance,Standard IITA,SOY:0001882,CO_336:0000103,Hot reaction assessment,Estimation,Appearance of plant or plant part in high temperature weather,,"Soybean USDA description database, Soybase database, OboEdit",CO_336:0000104,Undefined scale,Undefined,,0,100,,,,,,,,,,,,,,
,CO_336:0000285,SdLinolncCt_Comp_pct,,Sometimes,R8,,SOY:0001391,IITA,Hesham Agrama,28-April-2014,EN,Soybean,CO_336:0000105,Seed linoleic acid content,Biochemical traits,"Linoleic acid content of the seed oil i.e., linoleic acid weight per total oil weight of the seed","Linoleic acid, LA, C18:2, octadecadienoic acid",LINOLEIC,,Seed,Linoleic acid content of oil,Standard IITA,,CO_336:0000106,Linoleic acid content measurement,Computation,Measure the content of linoleic acid in the oil extracted from the seed,,"Soybean USDA description database, Soybase database, OboEdit",CO_336:0000107,Percentage,Numerical,,0,100,,,,,,,,,,,,,,
,CO_336:0000286,SdLinolcCt_Comp_pct,,Sometimes,R8,,SOY:0001392,IITA,Hesham Agrama,28-April-2014,EN,Soybean,CO_336:0000108,Seed linolenic acid content,Biochemical traits,"Linolenic acid content of the seed oil i.e., linolenic acid weight per total oil weight of the seed","Linolenic acid, ALA, alpha-lenolenic acid, C18:3",LINOLENIC,,Seed,Linolenic acid content of oil,Standard IITA,,CO_336:0000109,Linolenic acid content measurement,Computation,Measure the content of linolenic acid in the oil extracted from the seed,,"Soybean USDA description database, Soybase database, OboEdit",CO_336:0000110,Percentage,Numerical,,0,100,,,,,,,,,,,,,,
,CO_336:0000287,SdPalmiCt_Comp_pct,,Sometimes,R8,,,IITA,Hesham Agrama,28-April-2014,EN,Soybean,CO_336:0000111,Seed palmitic acid content,Biochemical traits,"Palmitic acid content of the seed oil i.e., palmitic acid weight per total oil weight of the seed","Palmitic acid, C16:0, hexadecanoic acid",PALMITIC,,Seed,Palmitic acid content of oil,Standard IITA,SOY:0001673,CO_336:0000112,Palmitic acid content measurement,Computation,Measure the content of palmitic acid in the oil extracted from the seed,,"Soybean USDA description database, Soybase database, OboEdit",CO_336:0000113,Percentage,Numerical,,0,100,,,,,,,,,,,,,,
,CO_336:0000288,SdOleicCt_Comp_pct,,Sometimes,R8,,,IITA,Hesham Agrama,28-April-2014,EN,Soybean,CO_336:0000114,Seed oleic acid content,Biochemical traits,"Oleic acid content of the seed oil i.e., palmitic acid weight per total oil weight of the seed","Oleic acid, 18:1 n-9, C18:1 n9, octadecanoic acid",OLIEC,,Seed,Oleic acid content of oil,Standard IITA,SOY:0001671,CO_336:0000115,Oleic acid content measurement,Computation,Measure the content of oleic acid in the oil extracted from the seed,,"Soybean USDA description database, Soybase database, OboEdit",CO_336:0000116,Percentage,Numerical,,0,100,,,,,,,,,,,,,,
,CO_336:0000289,SdMetCt_Comp_pct,,Sometimes,R8,,,IITA,Hesham Agrama,28-April-2014,EN,Soybean,CO_336:0000117,Seed methionine content,Biochemical traits,The amount of total soybean seed protein that is composed of methionine,"Methionine, methionine amino acid",METHIONINE,,Seed,Methionine content of proteins,Standard IITA,SOY:0001709,CO_336:0000118,Methionine content calculation,Computation,Measure the weight of methionine extracted from the seed sample and divide by the weight of protein extracted from the same sample.,,"Soybean USDA description database, Soybase database, OboEdit",CO_336:0000119,Percentage,Numerical,,0,100,,,,,,,,,,,,,,
,CO_336:0000290,SdStearCt_Comp_pct,,Sometimes,R8,,SOY:0001626,IITA,Hesham Agrama,28-April-2014,EN,Soybean,CO_336:0000120,Seed stearic acid content,Biochemical traits,"Stearic acid content of the seed oil i.e., stearic acid weight per total oil weight of the seed","Stearic, C18:0, octadecoic acid, octadecanoic acid",STEARIC,,Seed,Stearic acid content of oil,Standard IITA,,CO_336:0000121,Stearic acid content measurement,Computation,Measure the content of stearic acid in the oil extracted from the seed,,"Soybean USDA description database, Soybase database, OboEdit",CO_336:0000122,Percentage,Numerical,,0,100,,,,,,,,,,,,,,
,CO_336:0000291,StemTermTyp_Est_1or2,,Sometimes,R8,,SOY:0001688,IITA,Hesham Agrama,28-Apr-2014,EN,Soybean,CO_336:0000123,Stem termination type,Morphological traits,Termination type of the axial growth of a soybean plant.,stem termination,STEMTERM,,Stem,Termination type,Recommended,,CO_336:0000124,Termination observation,Estimation,Observe tapering of stem tip and presence or absence of terminal raceme.,,"Soybean USDA description database, Soybase database, OboEdit",CO_336:0000125,1 or 2 type scale,Nominal,,,,,1=Determinate termination,2=Indeterminate termination,,,,,,,,,,,
,CO_336:0000292,BAW_Est_1to5,,Always,R1-R8,,SOY:0001440,IITA,Hesham Agrama,28-Apr-2014,EN,Soybean,CO_336:0000126,Beet armyworm,Biotic stress traits,Foliar feeding damage caused by beet armyworm(Spodoptera exigua),Beet armyworm,BAW,,Leaf,Reaction to Beet armyworm,Standard IITA,,CO_336:0000127,Foliar feeding assessment,Estimation,Visual assessment on the percentage of leaves eaten up by beet armyworm on a scale of 1 to 5,,"Soybean USDA description database, Soybase database, OboEdit",CO_336:0000128,1 to 5 percentage scale,Ordinal,,,,,1=0-20% defoliated,2=21-40% defoliated,3=41-60% defoliated,4=61-80% defoliated,5=81=100% defoliated,,,,,,,,
,CO_336:0000293,DEFOL_Est_1to5,,Always,R1-R8,,,IITA,Hesham Agrama,28-April-2014,EN,Soybean,CO_336:0000129,Defoliation,Biotic stress traits,Defoliation by chewing insects,Leaf chewing,DEFOL,,Leaf,Reaction to chewing insects,Standard IITA,,CO_336:0000130,Defoliation assessment,Estimation,Visuall assessment of the leaves eaten up by chewing insects,,"Soybean USDA description database, Soybase database, OboEdit",CO_336:0000131,1 to 5 percentage scale,Ordinal,,,,,1=0-20% defoliated,2=21-40% defoliated,3=41-60% defoliated,4=61-80% defoliated,5=81=100% defoliated,,,,,,,,
,CO_336:0000294,ShatLate_LateEst_1to5,,Often,R8,,SOY:0001377,IITA,Hesham Agrama,28-April-2014,EN,Soybean,CO_336:0000132,Late Shattering Score,Agronomical traits,Proportion of open pods 2 weeks after harvest,,SHATLATE,,Pod,Opening,Obsolete,,CO_336:0000133,Late pod shattering assessment,Estimation,Visual assessment of pod opening 2weeks after harvest,,"Soybean USDA description database, Soybase database, OboEdit",CO_336:0000134,1 to 5 percentage scale,Ordinal,,,,,1=no pods shattered,2=1-10% of pods shattered,3=10-25% of pods shattered,4=25-50% of pods shattered,5=>50% of pods shattered,,,,,,,,
,CO_336:0000295,PodShat_LateEst_1to5,,Often,R8,,SOY:0001377,IITA,Hesham Agrama,15-juil-15,EN,Soybean,CO_336:0000248,Pod shattering,Agronomical traits,Proportion of open pods,Pods open,PodShat,,Pod,Shattering,Recommended,,CO_336:0000133,Late pod shattering assessment,Estimation,Visual assessment of pod opening 2weeks after harvest,,"Soybean USDA description database, Soybase database, OboEdit",CO_336:0000134,1 to 5 percentage scale,Ordinal,,,,,1=no pods shattered,2=1-10% of pods shattered,3=10-25% of pods shattered,4=25-50% of pods shattered,5=>50% of pods shattered,,,,,,,,
,CO_336:0000296,PubCol_Est_1to4,,Rarely,R8,,SOY:0001719,IITA,Hesham Agrama,28-April-2014,EN,Soybean,CO_336:0000135,Pubescence Color,Morphological traits,The color of soybean pubescence.,,PUBCOLOR,,"Leaf, stem",Pubescence Color,Recommended,,CO_336:0000136,Pubescence color assessment,Estimation,"Note colors of pubescence which include tawny, light tawny, near-grey and grey.",,"Soybean USDA description database, Soybase database, OboEdit",CO_336:0000137,1 to 4 color scale,Nominal,,,,,1=T=Tawny,2=LT=Light tawny,3=G=Grey,4=NG=Near grey,,,,,,,,,
,CO_336:0000297,MatGroup_Est_1to13,,Always,R8,,SOY:0001708,IITA,Hesham Agrama,28-April-2014,EN,Soybean,CO_336:0000141,Maturity group,Phenological traits,Maturity group designation of a germplasm.,,MATGROUP,,Plant,Maturity group,Recommended,,CO_336:0000142,Maturity group classification,Counting,Relative classification based on maturity of cultivars in known maturity group,,"Soybean USDA description database, Soybase database, OboEdit",CO_336:0000143,1 to 13 maturity scale,Nominal,,,,,0=maturity group 0 (extreme North),1=00=maturity group 00,3=000=maturity group 000,4=I=maturity group I,5=II=maturity group II,6=III=maturity group III,7=IV=maturity group IV,8=V=maturity group V,9=VI=maturity group VI,10=VII=maturity group VII,11=VIII=maturity group VIII,12=IX=maturity group IX,13=X=maturity group X (extreme South)
,CO_336:0000299,SdCoatMott_Est_1to10,,Sometimes,R8,,SOY:0001713,IITA,Hesham Agrama,28-April-2014,EN,Soybean,CO_336:0000144,Seed coat mottling,Morphological traits,"Surface of the seed coat discolored by mottling i.e. , the additional pigmentation that is observed on lines with yellow or green seed coats",,MOTTLING,,Seed,Coat mottling,Recommended,,CO_336:0000145,Seed coat color observation,Estimation,Observe the color of the seed coat,,"Soybean USDA description database, Soybase database, OboEdit",CO_336:0000146,1 to 10 percentage scale,Ordinal,,,,,0=less than 10% seed discolored,1=10-15% seed surface discolored,2=15-20% seed surface discolored,3=20-30% seed surface discolored,4=30-40% seed surface discolored,5=40-50% seed sueface discolored,6=50-60% seed surface discolored,7=60-70% seed surface discolored,8=70-80% seed surface discolored,9=80-90% seed surface discolored,10=more than 90% seed surface discolored,,
,CO_336:0000300,SdLysCt_Comp_pct,,Often,R8,,,IITA,Hesham Agrama,28-April-2014,EN,Soybean,CO_336:0000147,Seed lysine content,Biochemical traits,The amount of total soybean seed protein that is composed of lysine,"Lysine content, Lysine amino acid",LYSINE,,Seed,Lysine content of proteins,Standard IITA,SOY:0001760,CO_336:0000148,Lysine context extraction method,Computation,Measure the weight of lysine extracted from the seed sample and divide by the weight of protein extracted from the same sample.,,"Soybean USDA description database, Soybase database, OboEdit",CO_336:0000149,Percentage,Numerical,,0,100,,,,,,,,,,,,,,
,CO_336:0000301,LfChlphyll_Meas_SPAD,,Sometimes,V1-R8,,,IITA,Hesham Agrama,28-April-2014,EN,Soybean,CO_336:0000150,Leaf chlorophyll content,Biochemical traits,The amount of chlorophyll normally found in a plant under normal environmental conditions,Chlorophyll content,CHLOROPHYLL,,Leaf,Chlorophill content,Standard IITA,SOY:0001859,CO_336:0000151,Chlorophyll content measurement,Measurement,Measure chlorophyll using a SPAD meter,,"Soybean USDA description database, Soybase database, OboEdit",CO_336:0000152,SPAD unit,Numerical,,,,,,,,,,,,,,,,,
,CO_336:0000302,SdIsoflav_Comp_pct,,Often,R8,,,IITA,Hesham Agrama,28-April-2014,EN,Soybean,CO_336:0000153,Seed isoflavone content,Biochemical traits,The total isoflavone content of a seed.,isoflavone concentration,ISOFLAVON,,Seed,Isoflavone content,Standard IITA,SOY:0001849,CO_336:0000154,Isoflavone content measurement,Computation,Measurement of the amount of isoflavone out of seed weight,,"Soybean USDA description database, Soybase database, OboEdit",CO_336:0000155,Percentage,Numerical,,0,100,,,,,,,,,,,,,,
,CO_336:0000303,GermT_Count_day,,Always,VE,,SOY:0001728,IITA,Hesham Agrama,28-Apr-2014,EN,Soybean,CO_336:0000156,Germination time,Phenological traits,Time from planting soybean seed until hypocotyl emerges from the substrate,,GERMINATIONTIME,,Seed,Germination time,Standard IITA,,CO_336:0000157,Plant germination count,Counting,Number of days from planting to emergence(VE),,"Soybean USDA description database, Soybase database, OboEdit",CO_336:0000158,day,Duration,,,,,,,,,,,,,,,,,
,CO_336:0000304,FlwNo_Count_flw,,Sometimes,R2-R3,,SOY:0001740,IITA,Hesham Agrama,28-Apr-2014,EN,Soybean,CO_336:0000159,Flower number,Morphological traits,The number of flowers produced by a plant,,FLWRNUMBER,,Plant,Flower number,Standard IITA,,CO_336:0000160,Flower number count,Counting,Number of flowers per plant,,"Soybean USDA description database, Soybase database, OboEdit",CO_336:0000161,flower,Numerical,,,,,,,,,,,,,,,,,
,CO_336:0000305,CanoHt_Est_cm,,Sometimes,R8,,SOY:0001324,IITA,Hesham Agrama,28-April-2014,EN,Soybean,CO_336:0000162,Canopy height,Agronomical traits,Distance from growing medium to the top leaves,,CANOPYHT,,Canopy,Height,Obsolete,,CO_336:0000163,Height average of plants,Estimation,Wooden lath placed on each plot to measure average height above ground,,"Soybean USDA description database, Soybase database, OboEdit",CO_336:0000164,cm,Numerical,,,,,,,,,,,,,,,,,
,CO_336:0000306,FFlw_1stCount_day,,Sometimes,V1-R1,,SOY:0001640,IITA,Hesham Agrama,28-April-2014,EN,Soybean,CO_336:0000165,First flower,Phenological traits,Days from planting when there is an open flower on any node on the main stem,Fflr,FIRSTFLOWER,,Plant,Flowering time,Obsolete,,CO_336:0000166,First flower date method,Counting,Number of days from emergence to beginning of bloom (R1),,"Soybean USDA description database, Soybase database, OboEdit",CO_336:0000167,day,Duration,,,,,,,,,,,,,,,,,
,CO_336:0000307,FlwT_1stCount_day,,Sometimes,V1-R1,,SOY:0001640,IITA,Hesham Agrama,11-February-2014,EN,Soybean,CO_336:0000000,Flowering time,Phenological traits,Anthesis or flowering time is the period during which a flower is fully open and functional. Pollination and fertilization occur during this period.,Open flower,FlwT,,Plant,Flowering time,Recommended,,CO_336:0000166,First flower date method,Counting,Number of days from emergence to beginning of bloom (R1),,"Soybean USDA description database, Soybase database, OboEdit",CO_336:0000167,day,Duration,,,,,,,,,,,,,,,,,
,CO_336:0000308,RtNodNo_Count_nodule,,Sometimes,R1-R8,,SOY:0001299,IITA,Hesham Agrama,28-Apr-2014,EN,Soybean,CO_336:0000168,Nodule number,Morphological traits,The number of nodule on the root system usually compared to wild type,Root nodule number,NODULENUMBER,,Root,Nodule number,Standard IITA,,CO_336:0000169,Nodule number count,Counting,Count the number of nodules on a plant,,"Soybean USDA description database, Soybase database, OboEdit",CO_336:0000170,nodule,Numerical,,,,,,,,,,,,,,,,,
,CO_336:0000309,PODMATURITY_Count_day,,Often,R8,,SOY:0001608,IITA,Hesham Agrama,28-Apr-2014,EN,Soybean,CO_336:0000171,Pod Maturity Date,Phenological traits,Number of days past planting when pods are mature. This trait is synonymous with seed pod maturity.Maturity defined as pods have reached their final color.,Days to maturity,PODMATURITY,,Plant,Maturity time,Obsolete,,CO_336:0000172,Maturity days count,Counting,Count days from planting to pod maturity R8,,"Soybean USDA description database, Soybase database, OboEdit",CO_336:0000173,day,Numerical,,,,,,,,,,,,,,,,,
,CO_336:0000310,FULLMATURITYT_95Count_day,,Always,R8,,SOY:0001646,IITA,Hesham Agrama,29-Apr-2014,EN,Soybean,CO_336:0000174,R8 Full Maturity,Phenological traits,Number of days past planting when 95% of pods have reached their mature color.,Full maturity,FULLMATURITY,,Plant,Maturity time,Obsolete,,CO_336:0000175,Full maturity count,Counting,Count days from planting to 95% pod maturity R8,,"Soybean USDA description database, Soybase database, OboEdit",CO_336:0000176,day,Numerical,,,,,,,,,,,,,,,,,
,CO_336:0000311,MatT_95Count_day,,Always,R8,,SOY:0001646,IITA,Hesham Agrama,18-Feb-2014,EN,Soybean,CO_336:0000021,Maturity time,Phenological traits,Time when pods have changed to final color.,Maturity,MatTime,,Plant,Maturity time,Recommended,,CO_336:0000175,Full maturity count,Counting,Count days from planting to 95% pod maturity R8,,"Soybean USDA description database, Soybase database, OboEdit",CO_336:0000176,day,Numerical,,,,,,,,,,,,,,,,,
,CO_336:0000312,RtNodWght_Meas_g,,Sometimes,R8,,SOY:0001898,IITA,Hesham Agrama,30-April-2014,EN,Soybean,CO_336:0000177,Root nodule weight,Morphological traits,Weight of root nodules,Root nodule weigth,NODULEWEIGTH,,Root,Nodule weight,Standard IITA,,CO_336:0000178,Nodule weight measurement,Measurement,"Dig out, dry and weigh root nodules",,"Soybean USDA description database, Soybase database, OboEdit",CO_336:0000179,g,Numerical,,,,,,,,,,,,,,,,,
,CO_336:0000313,PrimRtShp_Est_Undefined,,Rarely,R1-R8,,,IITA,Hesham Agrama,30-Apr-2014,EN,Soybean,CO_336:0000180,Primary root shape,Morphological traits,The shape of the primary root at a stipulated range of the root,Primary root shape,PRIROOTSHAPE,,Primary root,Shape,Standard IITA,SOY:0001748,CO_336:0000181,Primary root shape observation,Estimation,Visually examine the primary root shape,,"Soybean USDA description database, Soybase database, OboEdit",CO_336:0000182,Undefined scale,Undefined,,,,,,,,,,,,,,,,,
,CO_336:0000314,PrimRtSz_Meas_Undefined,,Sometimes,R1-R8,,,IITA,Hesham Agrama,30-April-2014,EN,Soybean,CO_336:0000183,Primary root size,Morphological traits,The diameter of the main root measured at a stipulated level of the root,Primary Root thickness,PRIROOTSIZE,,Primary root,diameter,Standard IITA,SOY:0001747,CO_336:0000184,Primary root thickness measure,Measurement,Using a callipers measure diameter of primary root at stipulated point,,"Soybean USDA description database, Soybase database, OboEdit",CO_336:0000185,Undefined scale,Undefined,,,,,,,,,,,,,,,,,
,CO_336:0000315,LfNo_Count_lf,,Sometimes,R1-R8,,SOY:0000071,IITA,Hesham Agrama,30-Apr-2014,EN,Soybean,CO_336:0000186,Leaf number,Morphological traits,The number of leaves (petioles) originating from a node on a stem,,LEAFNUMBER,,Stem,Leaf number,Standard IITA,,CO_336:0000187,Leaf number count,Counting,Count Physically the number of leaves on a plant,,"Soybean USDA description database, Soybase database, OboEdit",CO_336:0000188,leaf,Numerical,,,,,,,,,,,,,,,,,
,CO_336:0000316,StmDiam_Comp_Undefined,,Sometimes,R1-R8,,SOY:0001624,IITA,Hesham Agrama,30-April-2014,EN,Soybean,CO_336:0000189,Main stem diameter,Morphological traits,The diameter of the main stem of soybean plant,,STEMDIAM,,Stem,Diameter,Standard IITA,,CO_336:0000190,average stem diameter,Computation,The average measurement with calipers midway between the unifoliate and the first trifoliate nodes for three mature plants per plot,,"Soybean USDA description database, Soybase database, OboEdit",CO_336:0000191,Undefined scale,Undefined,,,,,,,,,,,,,,,,,
,CO_336:0000317,SdFibCt_Comp_pct,,Often,R8,,,IITA,Hesham Agrama,30-April-2014,EN,Soybean,CO_336:0000192,Fiber content,Biochemical traits,The amount of fiber in soybean seed,Seed fiber Content,SEEDFIBER,,Seed,Fibre content,Standard IITA,,CO_336:0000193,Fiber content measurement,Computation,Measurement of the amount of fibre out of seed weight,,"Soybean USDA description database, Soybase database, OboEdit",CO_336:0000194,Percentage,Numerical,,0,100,,,,,,,,,,,,,,
,CO_336:0000318,SdMoistCt_Comp_pct,,Always,R8,,,IITA,Hesham Agrama,30-Apr-2014,EN,Soybean,CO_336:0000195,Seed moisture content,Biochemical traits,The amount of moisture of a mature seed,Moisture content,SEEDMOISTURE,,Seed,Moisture content,Standard IITA,,CO_336:0000196,moisture content measurement,Computation,Measurement of the moisture content of a mature seed of seed at harvest,,"Soybean USDA description database, Soybase database, OboEdit",CO_336:0000197,Percentage,Numerical,,0,100,,,,,,,,,,,,,,
,CO_336:0000319,SdSucrCt_Meas_gkg,,Often,R8,,,IITA,Hesham Agrama,30-April-2014,EN,Soybean,CO_336:0000198,Seed Sucrose content,Morphological traits,The amount of total seed soluble carbohydrates that is sucrose.,Sucrose,SUCROSS,,Seed,Sucrose content,Standard IITA,SOY:0001623,CO_336:0000199,sucrose content method,Measurement,Measure amount of total seed soluble carbohydrates that is sucrose,,"Soybean USDA description database, Soybase database, OboEdit",CO_336:0000200,g/kg,Numerical,,0,100,,,,,,,,,,,,,,
,CO_336:0000320,DMildew_Est_Undefined,,Always,R1-R8,,,IITA,Hesham Agrama,04-May-2014,EN,Soybean,CO_336:0000201,Downy mildew,Biotic stress traits,Reaction of the plant or plant part to Peronospora manchurica infection.,Downy mildew,DOWNYMILDEW,,Plant,Reaction to Downy mildew,Standard IITA,SOY:0001580,CO_336:0000202,Downy mildew assessment method,Estimation,"Look at how much of the plant or plant part is covered with small, discrete, pale to bright yellow spots",,"Soybean USDA description database, Soybase database, OboEdit",CO_336:0000203,Undefined scale,Undefined,,0,100,,,,,,,,,,,,,,
,CO_336:0000321,ANTHR_Est_1to5,,Always,V1-R8,,,IITA,Hesham Agrama,04-May-2014,EN,Soybean,CO_336:0000204,Soybean anthracnose,Biotic stress traits,Reaction of the plant or plant part to infection by Colletotrichum dematiu,Soybean anthracnose,ANTHRACNOSE,,Plant,Reaction to Soybean anthracnose,Standard IITA,SOY:0001574,CO_336:0000205,Anthracnose assessment,Estimation,How much or the plant or plant part has been affected by irregulary shaped brown areas and/or black fruiting bodies on infected areas,,"Soybean USDA description database, Soybase database, OboEdit",CO_336:0000206,1-5 infection score,Nominal,,,,,1=(R) resistant,2=(S) sensitive,3=(PR) partially sensitive,,,,,,,,,,
,CO_336:0000322,LatRtSz_Meas_Undefined,,Sometimes,R1-R8,,,IITA,Hesham Agrama,5-May-2014,EN,Soybean,CO_336:0000207,Lateral root size,Morphological traits,The diameter of a lateral root measured at the proximal end of the root,Lateral root thickness,LATROOTSIZE,,Lateral root,diameter,Standard IITA,SOY:0001737,CO_336:0000208,Lateral root thickness measure,Measurement,Using a callipers measure diameter of lateral root at stipulated point,,"Soybean USDA description database, Soybase database, OboEdit",CO_336:0000209,Undefined scale,Undefined,,,,,,,,,,,,,,,,,
,CO_336:0000323,LatRtShp_Est_1to4,,Rarely,R1-R8,,SOY:0001738,IITA,Hesham Agrama,05-May-2014,EN,Soybean,CO_336:0000210,Lateral root shape,Morphological traits,The shape of the lateral root at a stipulated range of the roots,Lateral root shape,LATROOTSHAPE,,Lateral root,Shape,Obsolete,,CO_336:0000211,Lateral root shape observation,Estimation,Visually observe the shape of the lateral root,,"Soybean USDA description database, Soybase database, OboEdit",CO_336:0000212,1 to 4 shape scale,Nominal,,,,,1=round,2=flat,3=straight,4=curved,,,,,,,,,
,CO_336:0000324,SarchyCt_Comp_undefined,,Often,R8,,,IITA,Hesham Agrama,05-May-2014,EN,Soybean,CO_336:0000213,Seed starchyose content,Biochemical traits,The amount of total seed soluble carbohydrates that is stachyose.,Stachyose,STARCHYOSE,,Seed,Starchyose content,Standard IITA,SOY:0001636,CO_336:0000214,Starchyose measurement,Computation,Measure amount of total seed soluble carbohydrates that is stachyose.,,"Soybean USDA description database, Soybase database, OboEdit",CO_336:0000215,Undefined scale,Undefined,,0,100,,,,,,,,,,,,,,
,CO_336:0000325,RaffinCt_Comp_gkg,,Often,R8,,SOY:0001641,IITA,Hesham Agrama,05-May-2014,EN,Soybean,CO_336:0000216,Seed Raffinose content,Biochemical traits,Raffinose content of a plant or plant part.,Raffinose,RAFFINOSE,,Seed,Raffinose content,Standard IITA,,CO_336:0000217,Raffinose measurement,Computation,Measure amount of total seed soluble carbohydrates that is raffinose,,"Soybean USDA description database, Soybase database, OboEdit",CO_336:0000218,kg/kg,Numerical,,0,100,,,,,,,,,,,,,,
,CO_336:0000326,LfletShp_Comp_1to4,,Often,R1-R8,,SOY:0001389,IITA,Hesham Agrama,11-May-2014,EN,Soybean,CO_336:0000219,Leaflet shape,Morphological traits,"The shape of the leaflet. Remark: This trait has been incorrectly called Leaf shape"".""",Leaf shape,LEAFSHAPE,,Leaflet,Shape,Standard IITA,,CO_336:0000220,Leaf shape method,Computation,"Elliptic Fourier descriptor measures 5 components, including aspect ratio of leaflet shape, location of centroid of leaflets along midrib, straightness or distortion of leaflet shape, and roundness of leaflet shape. Measured on central leaflets of fully expanded leaflets. Can also be measured as the ratio of leaflet width to leaflet length from upper third of plant.",,"Soybean USDA description database, Soybase database, OboEdit",CO_336:0000221,1 to 4 shape scale,Nominal,,,,,1=Lanceolate,2=triangular,3=pointed ovate,4=rounded ovate,,,,,,,,,
,CO_336:0000327,PubescForm_Est_1to8,,Rarely,R1-R8,,SOY:0001720,IITA,Hesham Agrama,11-May-2014,EN,Soybean,CO_336:0000222,Pubescence form,Morphological traits,"Orientation of pubescence, generally on the leaf surface but pubsecence can be found on the stem",Trichome form,PUBFORM,,"Leaf, stem",Pubescence form,Standard IITA,,CO_336:0000223,Pubescence form observation,Estimation,Observation of the type of pubescence,,"Soybean USDA description database, Soybase database, OboEdit",CO_336:0000224,1 to 8 shape scale,Nominal,,,,,1=Erect,2=semi-appressed,3=glaborus,4=appressed,5=normal,6=pubescent,7=puberulent,8=curly,,,,,
,CO_336:0000328,PubescTipTyp_Est_1or2,,Rarely,R1-R8,,SOY:0001722,IITA,Hesham Agrama,11-May-2014,EN,Soybean,CO_336:0000225,Pubescence tip type,Morphological traits,The form of the tip of a soybean pubescence,Trichome tip type,PUBTIPTYPE,,"Leaf, stem",Pubescence tip type,Standard IITA,,CO_336:0000226,Pubescence tip type observation,Estimation,Observation of the type of the tip of the pubescence on the plant,,"Soybean USDA description database, Soybase database, OboEdit",CO_336:0000227,1 or 2 type scale,Nominal,,,,,1= blunt,2=Sharp,,,,,,,,,,,
,CO_336:0000329,FlwForm_Est_1or2,,Often,R1-R2,,SOY:0001805,IITA,Hesham Agrama,11-May-2014,EN,Soybean,CO_336:0000228,Flower form,Morphological traits,Form of a flower.,Flower Morphogenisis,FLOWERFORM,,Flower,Form,Standard IITA,,CO_336:0000229,Flower final form observation,Estimation,Observe the form of a flower at the final development stage,,"Soybean USDA description database, Soybase database, OboEdit",CO_336:0000230,1 or 2 form scale,Nominal,,,,,"1=cleistogamous (closed, TO:0000882)","2=chasmogamous (open, TO:0000883)",,,,,,,,,,,
,CO_336:0000330,PubescPres_Est_1or2,,Sometimes,R1-R8,,,IITA,Hesham Agrama,11-May-2014,EN,Soybean,CO_336:0000231,Pubescence presence,Morphological traits,Presence or absence of pubescence on soybean plant,Pubescence presence,PUBPERSENCE,,"Leaf, stem",Pubescence presence,Recommended,SOY:0001718,CO_336:0000232,Pubescence presence method,Estimation,observation of presence or absence of trichome on the plant,,"Soybean USDA description database, Soybase database, OboEdit",CO_336:0000233,1 or 2 presence scale,Nominal,,,,,1=glabrous,2=normal,,,,,,,,,,,
,CO_336:0000331,PodPerPlnt_Count_pod,,Always,R8,,SOY:0001741,NCRI,Ishaq Mohammed,7-June-2014,EN,Soybean,CO_336:0000236,Pod number,Morphological traits,Number of pods per plant,Pod num,PODNUMBER,,Plant,Pod number,Standard NCRI,,CO_336:0000240,Pod number count,Measurement,count number of Pods on a plant,,"Soybean USDA description database, Soybase database, OboEdit",CO_336:0000244,pod,Numerical,,,,,,,,,,,,,,,,,
,CO_336:0000332,SdPerPod_Count_sd,,Sometimes,R8,,SOY:0001419,NCRI,Ishaq Mohammed,7-June-2014,EN,Soybean,CO_336:0000237,Number of seeds,Morphological traits,Number of seed per pod sampled,,SEEDNUMBER,,Pod,Seed number,Standard NCRI,,CO_336:0000241,Seed number count,Measurement,count the number of seeds on a pod,,"Soybean USDA description database, Soybase database, OboEdit",CO_336:0000245,seed,Numerical,,,,,,,,,,,,,,,,,
,CO_336:0000333,SdWt_Meas_g,,Always,R8,,SOY:0001629,NCRI,Ishaq Mohammed,7-June-2014,EN,Soybean,CO_336:0000238,Seed weight,Morphological traits,Weight of the seed,,SEEDWEIGHT,,Seed,Weight,Recommended,,CO_336:0000242,100 weight,Measurement,Weigh 100 seeds,,"Soybean USDA description database, Soybase database, OboEdit",CO_336:0000246,g,Numerical,,,,,,,,,,,,,,,,,
,CO_336:0000334,CercoLfS_Est_1to5,,Sometimes,V1-R8,,,NCRI,Ishaq Mohammed,7-June-2014,EN,Soybean,CO_336:0000239,Cercospora Leaf spot,Biotic stress traits,Reaction of the plant or plant part to infection by Cercopsora species.,Cercospora Leaf spot disease,CERCOSLEAFSPOT,,Plant,Reaction to Cercospora Leaf spot,Standard NCRI,SOY:0001573,CO_336:0000243,Leaf disease,Estimation,Number and density of spot on leaves,,"Soybean USDA description database, Soybase database, OboEdit",CO_336:0000247,1-5 infection score,Ordinal,,,,,1=0% lesions on plants,2=1-10% lesions on plants,3= 10-25% lesions on the plants,4=25-50% lesions on the plants,5=>50% plants with lesions,,,,,,,,
,CO_336:0000337,SdYld_CalcPerArea_kgha,,Always,R8,,SOY:0001622,IITA,Hesham Agrama,23-Feb-2014,EN,Soybean,CO_336:0000036,Seed yield,Agronomical traits,Yield of a soybean field in terms of seed weight per unit area at a specified moisture content.,"Plot Yield, Seed weight",SdYld,,Seed,Yield,Recommended,,CO_336:0000335,grain yield calculation,Computation,"Weigh the amount of harvested grains (excluding the borders) adjusted to 13% moisture, and then divided by the area of the plot",,"Soybean USDA description database, Soybase database, OboEdit",CO_336:0000336,kg/ha,Numerical,,,,,,,,,,,,,,,,,
,CO_336:0000340,FodYld_CalcPerArea_kgha,,Rarely,R8,,,IITA,Hesham Agrama,24-Feb-2014,EN,Soybean,CO_336:0000039,Fodder Yield,Agronomical traits,"Weight of harvested fodder i.e., haulm, stover per unit of area",Haulm,FODDERWT,,Fodder,Yield,Standard IITA,,CO_336:0000338,Caclulation of fodder yield,Computation,"Measure the dry weight of stover, haulm harvested after threshing plants harvested from the plot excluing the borders. Then divide the measured harvested weight by the effectively harvested area of the plot",,"Soybean USDA description database, Soybase database, OboEdit",CO_336:0000339,kg/ha,Numerical,,,,,,,,,,,,,,,,,
,CO_336:0000343,RtNod_NodEst_0or1,,Sometimes,R4-R6,,,USDA,Randall Nelson,08-Aug-2015,EN,Soybean,CO_336:0000015,Nodulation,Agronomical traits,Root nodule formation due to interaction with microorganisms.,,NODULE,,Root,Nodulation,Standard USDA,SOY:0001793,CO_336:0000341,Nodulation observation,Estimation,Visual assessment of the presence of nodulation,,,CO_336:0000342,0 or 1 nodulation scale,Ordinal,,,,,0 = No nodulation,1 = Nodulation,,,,,,,,,,,
,CO_336:0000345,LfletShp_Comp_1to4,,Often,R1-R8,,SOY:0001389,USDA,Randall Nelson,08-Aug-2015,EN,Soybean,CO_336:0000219,Leaflet shape,Morphological traits,"The shape of the leaflet. Remark: This trait has been incorrectly called Leaf shape"".""",Leaf shape,LEAFSHAPE,,Leaflet,Shape,Standard IITA,,CO_336:0000220,Leaf shape method,Computation,"Elliptic Fourier descriptor measures 5 components, including aspect ratio of leaflet shape, location of centroid of leaflets along midrib, straightness or distortion of leaflet shape, and roundness of leaflet shape. Measured on central leaflets of fully expanded leaflets. Can also be measured as the ratio of leaflet width to leaflet length from upper third of plant.",,"Soybean USDA description database, Soybase database, OboEdit",CO_336:0000344,1 or 2 shape scale,Nominal,,,,,1=broad,2=narrow,,,,,,,,,,,
,CO_336:0000349,PubescFormLf_Est_1to3,,Rarely,R1-R8,,SOY:0001720,USDA,Randall Nelson,08-Aug-2015,EN,Soybean,CO_336:0000346,Pubescence form on leaflet,Morphological traits,Orientation of pubescence on the surface of the leaflet,Trichome form,PUBFORM,,Leaflet,Pubescence form,Recommended,,CO_336:0000347,Pubescence form observation,Estimation,Observation of the type of pubescence,,"Soybean USDA description database, Soybase database, OboEdit",CO_336:0000348,1 to 3 shape scale,Nominal,,,,,1=Erect,2=semi-appressed,3=appressed,,,,,,,,,,